id;name;school;researchlevel;path1;pathlevel1;path2;pathlevel2;effect_record_id;effects_count;precision;fatiguecost;gemcost;next_spell;description;test
0;Nothing;-1;1;-1;0;-1;0;679;0;0;0;0;0;
1;Area Minor Stun Shock;-1;1;-1;0;-1;0;680;1;0;0;0;0;
2;Area Major Stun Shock;-1;1;-1;0;-1;0;681;1;0;0;0;0;
3;Large Area Heat Shock;-1;1;-1;0;-1;0;682;1;0;0;0;0;
4;Mark;-1;1;-1;0;-1;0;683;1;0;0;0;0;
5;Thunder Shock;-1;1;-1;0;-1;0;684;1;0;0;0;6;
6;Large Area Stun Shock and Damage;-1;1;-1;0;-1;0;685;1;0;0;0;31;
7;Minor Fear;-1;1;-1;0;-1;0;686;1;0;0;0;0;
8;Area Weak Poison;-1;1;-1;0;-1;0;687;1;0;0;0;0;
9;Minor Chill Stun;-1;1;-1;0;-1;0;688;1;0;0;0;0;
10;Army of Zombies;-1;1;-1;0;-1;0;689;2010;-2;0;0;0;
11;Area Decay;-1;1;-1;0;-1;0;690;1;0;0;0;0;
12;Court of Flame Childs;-1;1;-1;0;-1;0;691;15;0;0;0;0;
13;Area Rust;-1;1;-1;0;-1;0;692;1;0;0;0;0;
14;Returning;-1;1;-1;0;-1;0;693;1;0;0;0;0;
15;Area Paralyze;-1;1;-1;0;-1;0;694;1;0;0;0;0;
16;Court of Undines;-1;1;-1;0;-1;0;695;15;0;0;0;0;
17;Summon Longdeads;-1;1;-1;0;-1;0;696;5;0;0;0;0;
18;Summon Devil;-1;1;-1;0;-1;0;697;1;0;0;0;0;
19;Fire Resistance;-1;1;-1;0;-1;0;698;1;0;0;0;0;
20;Large Area Decay;-1;1;-1;0;-1;0;699;1;0;0;0;0;
21;Major Fear;-1;1;-1;0;-1;0;700;1;0;0;0;0;
22;Summon 2 Imps;-1;1;-1;0;-1;0;701;2;0;0;0;0;
23;Summon Vine Man;-1;1;-1;0;-1;0;702;1;0;0;0;0;
24;Area Feeble Mind;-1;1;-1;0;-1;0;703;1;0;0;0;0;
25;10 Trolls;-1;1;-1;0;-1;0;704;10;0;0;0;60;
26;20 imps;-1;1;-1;0;-1;0;705;20;0;0;0;0;
27;Strength, Barkskin and Regeneration;-1;1;-1;0;-1;0;706;1;0;0;0;0;
28;Court of Gnomes;-1;1;-1;0;-1;0;707;15;0;0;0;0;
29;Court of Sylphs;-1;1;-1;0;-1;0;708;15;0;0;0;0;
30;Lingering Heat;-1;1;-1;0;-1;0;709;1;0;0;0;0;
31;Large Area Shock;-1;1;-1;0;-1;0;710;1;0;0;0;0;
32;Mummification;-1;1;-1;0;-1;0;711;1;0;0;0;0;
33;Summon Jinn;-1;1;-1;0;-1;0;712;1;0;0;0;0;
34;Ark;-1;1;-1;0;-1;0;713;1;0;0;0;0;
35;Area Chest Wound;-1;1;-1;0;-1;0;714;1;0;0;0;0;
36;10 Sea Trolls;-1;1;-1;0;-1;0;715;15;0;0;0;72;
37;15 Draconians;-1;1;-1;0;-1;0;716;15;0;0;0;0;
38;Court of Sprites;-1;1;-1;0;-1;0;717;15;0;0;0;0;
39;Heat Stun;-1;1;-1;0;-1;0;718;1;0;0;0;0;
40;Extra feeble mind battle field;-1;1;-1;0;-1;0;719;1;0;0;0;0;
41;Extra cold immunity;-1;1;-1;0;-1;0;720;1;0;0;0;0;
42;Minor Paralysis;-1;1;-1;0;-1;0;721;1;0;0;0;0;
43;extra limp;-1;1;-1;0;-1;0;722;1;0;0;0;44;
44;extra cripple;-1;1;-1;0;-1;0;723;1;0;0;0;0;
45;15 Ether Warriors;-1;1;-1;0;-1;0;724;15;0;0;0;0;
46;upto 20 farsummoned soulless;-1;1;-1;0;-1;0;725;20;0;0;0;0;
47;Entangle;-1;1;-1;0;-1;0;726;1;0;0;0;0;
48;ormflock;-1;1;-1;0;-1;0;727;5;0;0;0;0;
49;impflock;-1;1;-1;0;-1;0;728;10;0;0;0;0;
50;7 shades;-1;1;-1;0;-1;0;729;7;0;0;0;0;
51;3 beast bats;-1;1;-1;0;-1;0;730;3;0;0;0;0;
52;4 lions;-1;1;-1;0;-1;0;731;4;0;0;0;0;
53;10 wolves;-1;1;-1;0;-1;0;732;10;0;0;0;0;
54;cast returning;-1;1;-1;0;-1;0;733;1;0;0;0;0;
55;Grow Knight;-1;1;-1;0;-1;0;734;1;0;0;0;0;
56;Grow Lich;-1;1;-1;0;-1;0;735;1;0;0;0;0;
57;Scrying;-1;1;-1;0;-1;0;736;1;0;0;0;0;
58;petrify paralyze;-1;1;-1;0;-1;0;737;1;0;0;0;0;
59;Grow Headless Hoburg;-1;1;-1;0;-1;0;738;1;0;0;0;0;
60;5 War Trolls;-1;1;-1;0;-1;0;739;5;0;0;0;61;
61;2 Troll Moose Knight;-1;1;-1;0;-1;0;740;2;0;0;0;0;
62;Telkhine Malediction;-1;1;-1;0;-1;0;741;1;0;0;0;0;
63;...;-1;1;-1;0;-1;0;742;1;0;0;0;0;
64;...;-1;1;-1;0;-1;0;743;1;0;0;0;0;
65;Wolves;-1;1;-1;0;-1;0;744;3;0;0;0;0;
66;Battle Darkness;-1;1;-1;0;-1;0;745;1;0;0;0;0;
67;Beast Bats;-1;1;-1;0;-1;0;746;8;0;0;0;0;
68;Angels of the Choir;-1;1;-1;0;-1;0;747;9;0;0;0;69;
69;Harbingers of the Choir;-1;1;-1;0;-1;0;748;3;0;0;0;0;
70;Heat of Buer;-1;1;-1;0;-1;0;749;1;0;0;2;0;
71;Disbelieve;-1;1;-1;0;-1;0;750;1;0;0;0;0;
72;5 Troll Guards;-1;1;-1;0;-1;0;751;5;0;0;0;0;
73;Gate Summon Fire;-1;1;-1;0;-1;0;752;1;0;0;0;74;
74;Gate Summon Ice;-1;1;-1;0;-1;0;753;1;0;0;0;75;
75;Gate Summon Storm;-1;1;-1;0;-1;0;754;1;0;0;0;76;
76;Gate Summon Iron;-1;1;-1;0;-1;0;755;1;0;0;0;0;
77;10 Tengu Warriors;-1;1;-1;0;-1;0;756;10;0;0;0;78;
78;15 Karasu Tengus;-1;1;-1;0;-1;0;757;15;0;0;0;0;
79;Natural Rain;-1;1;2;0;-1;0;758;1;0;0;0;0;
80;Open Soul Trap;-1;1;-1;0;-1;0;759;4;0;0;0;0;
81;Area10 cold dmg3;-1;1;-1;0;-1;0;760;1;0;0;0;0;
82;Cleansing Chime;-1;1;-1;0;-1;0;761;1;100;0;0;0;
83;Astral Geyser Blast;-1;1;-1;0;-1;0;762;1;0;0;0;0;
84;Chastisement;-1;1;-1;0;-1;0;763;1;0;0;0;0;
85;age ten years;-1;1;-1;0;-1;0;764;1;0;0;0;0;
86;age three years;-1;1;-1;0;-1;0;765;1;0;0;0;0;
87;6 Maenads;-1;1;-1;0;-1;0;766;6;0;0;0;0;
88;10 False Horrors;-1;1;-1;0;-1;0;767;10;0;0;0;0;
89;4 Wheels;-1;1;-1;0;-1;0;768;4;0;0;0;0;
90;4 Ditanu;-1;1;-1;0;-1;0;769;4;0;0;0;91;
91;Kill Caster;-1;1;-1;0;-1;0;770;1;0;0;0;0;
92;1 Horse-face;-1;1;-1;0;-1;0;771;1;0;0;0;0;
93;Natural Storm;-1;1;2;0;-1;0;772;1;0;0;0;0;
94;Astral Harpoon;-1;1;-1;0;-1;0;773;1;0;0;0;0;
95;Swarm;-1;1;-1;0;-1;0;774;30;0;0;0;0;
96;Sounder of Boars;-1;1;-1;0;-1;0;775;5;0;0;0;0;
97;Pack of Wolves;-1;1;-1;0;-1;0;776;5;0;0;0;0;
98;Grow Monster;-1;1;-1;0;-1;0;777;1;0;0;0;0;
99;15 Forest Trolls;-1;1;-1;0;-1;0;778;15;0;0;0;0;
100;earth grip;-1;1;-1;0;-1;0;779;1;0;0;0;0;
101;disease;-1;1;-1;0;-1;0;780;1;0;0;0;0;
102;Summon three vine men;-1;1;-1;0;-1;0;781;3;0;0;0;0;
103;Area Cripple;-1;1;-1;0;-1;0;782;1;0;0;0;0;
104;Area Battle Fright;-1;1;-1;0;-1;0;783;1;0;0;0;0;
105;Summon Imp Familiar;-1;1;-1;0;-1;0;784;1;0;0;0;0;
106;Record of Creation;-1;1;-1;0;-1;0;785;1;0;0;0;0;
107;Cave Collapse;-1;1;-1;0;-1;0;786;1;0;0;0;0;
108;Undead Horde;-1;1;-1;0;-1;0;787;15;-2;0;0;10;
109;Battlefield Limp;-1;1;-1;0;-1;0;788;1;0;0;0;44;
110;10 Great Olms;-1;1;-1;0;-1;0;789;10;0;0;0;0;
111;Summon Predatory Birds;-1;1;-1;0;-1;0;790;3;0;0;0;0;
112;Burning;-1;1;-1;0;-1;0;791;1;0;0;0;0;
113;...;-1;1;-1;0;-1;0;792;1;0;0;0;0;
114;...;-1;1;-1;0;-1;0;793;1;0;0;0;0;
115;...;-1;1;-1;0;-1;0;794;1;0;0;0;0;
116;...;-1;1;-1;0;-1;0;795;1;0;0;0;0;
117;...;-1;1;-1;0;-1;0;796;1;0;0;0;0;
118;...;-1;1;-1;0;-1;0;797;1;0;0;0;0;
119;...;-1;1;-1;0;-1;0;798;1;0;0;0;0;
120;...;-1;1;-1;0;-1;0;799;1;0;0;0;0;
121;...;-1;1;-1;0;-1;0;800;1;0;0;0;0;
122;...;-1;1;-1;0;-1;0;801;1;0;0;0;0;
123;...;-1;1;-1;0;-1;0;802;1;0;0;0;0;
124;...;-1;1;-1;0;-1;0;803;1;0;0;0;0;
125;...;-1;1;-1;0;-1;0;804;1;0;0;0;0;
126;...;-1;1;-1;0;-1;0;805;1;0;0;0;0;
127;...;-1;1;-1;0;-1;0;806;1;0;0;0;0;
128;...;-1;1;-1;0;-1;0;807;1;0;0;0;0;
129;...;-1;1;-1;0;-1;0;808;1;0;0;0;0;
130;...;-1;1;-1;0;-1;0;809;1;0;0;0;0;
131;...;-1;1;-1;0;-1;0;810;1;0;0;0;0;
132;...;-1;1;-1;0;-1;0;811;1;0;0;0;0;
133;...;-1;1;-1;0;-1;0;812;1;0;0;0;0;
134;...;-1;1;-1;0;-1;0;813;1;0;0;0;0;
135;...;-1;1;-1;0;-1;0;814;1;0;0;0;0;
136;...;-1;1;-1;0;-1;0;815;1;0;0;0;0;
137;...;-1;1;-1;0;-1;0;816;1;0;0;0;0;
138;...;-1;1;-1;0;-1;0;817;1;0;0;0;0;
139;...;-1;1;-1;0;-1;0;818;1;0;0;0;0;
140;...;-1;1;-1;0;-1;0;819;1;0;0;0;0;
141;...;-1;1;-1;0;-1;0;820;1;0;0;0;0;
142;...;-1;1;-1;0;-1;0;821;1;0;0;0;0;
143;...;-1;1;-1;0;-1;0;822;1;0;0;0;0;
144;...;-1;1;-1;0;-1;0;823;1;0;0;0;0;
145;...;-1;1;-1;0;-1;0;824;1;0;0;0;0;
146;...;-1;1;-1;0;-1;0;825;1;0;0;0;0;
147;...;-1;1;-1;0;-1;0;826;1;0;0;0;0;
148;...;-1;1;-1;0;-1;0;827;1;0;0;0;0;
149;...;-1;1;-1;0;-1;0;828;1;0;0;0;0;
150;Banishment;7;0;8;1;-1;0;829;1;0;0;0;0;
151;Blessing;7;0;8;1;-1;0;830;1;100;0;0;0;
152;Sermon of Courage;7;0;8;2;-1;0;831;1;100;0;0;0;
153;Smite Demon;7;0;8;2;-1;0;832;1;100;0;0;0;
154;Holy Avenger;7;0;8;2;-1;0;833;1;0;0;0;0;
155;Divine Blessing;7;0;8;3;-1;0;834;1;100;0;0;0;
156;Smite;7;0;8;3;-1;0;835;1;100;0;0;0;
157;Fanaticism;7;0;8;4;-1;0;836;1;0;0;0;0;
158;Word of Power;7;0;8;4;-1;0;837;1;100;0;0;0;
159;Divine Channeling;7;0;8;5;-1;0;838;1;0;90;0;0;
160;Fire Flies;2;0;0;1;-1;0;839;6;-1;20;0;0;
161;Air Shield;1;0;1;1;-1;0;840;1;0;10;0;0;
162;Freezing Touch;2;0;2;1;-1;0;841;1;0;10;0;0;
163;Flying Shards;2;0;3;1;-1;0;842;2002;0;30;0;0;
164;Twist Fate;1;0;4;1;-1;0;843;1;0;10;0;0;
165;Hand of Dust;1;0;5;1;-1;0;844;1;0;10;0;0;
166;Sleep Touch;5;0;6;1;-1;0;845;1;0;10;0;0;
167;Bleed;6;0;7;1;-1;0;846;1;0;0;1;0;
168;Monster Boar;0;5;6;3;-1;0;847;1;0;0;10;0;
169;Orgy;6;1;7;1;6;1;848;1;0;0;1;87;
170;Daughter of Typhon;0;9;6;5;5;2;849;1;0;0;30;0;
171;...;-1;1;-1;0;-1;0;850;1;0;0;0;0;
172;Sounder of Boars;0;3;6;2;-1;0;851;20;0;0;20;0;
173;Contact Boar of Carnutes;0;5;6;1;3;1;852;1;0;0;7;0;
174;Contact Huli Jing;0;6;6;2;-1;0;853;1;0;0;30;0;
175;Thousand Year Ginseng;3;5;6;1;-1;0;854;1;0;0;8;0;
176;Internal Alchemy;1;5;2;2;4;1;855;1;0;0;10;0;
177;End of Culture;5;6;0;2;-1;0;856;1;0;0;1;0;
178;End of Weakness;1;6;3;2;-1;0;857;1;0;0;1;0;
179;Teaching Sign;7;0;8;1;6;1;858;1;0;0;0;0;
180;Fear-not Sign;7;0;8;1;1;1;859;1;100;0;0;0;
181;Welcome Sign;7;0;8;1;0;1;860;1;100;0;0;0;
182;Earth-touching Sign;7;0;8;1;3;1;861;1;100;0;0;0;
183;Meditation Sign;7;0;8;1;2;1;862;1;0;0;0;0;
184;Summon Shikome;0;4;5;2;-1;0;863;8;0;0;8;0;
185;Contact Jigami;0;4;6;1;-1;0;864;1;0;0;10;0;
186;Contact Mori-no-kami;0;5;6;3;-1;0;865;1;0;0;21;0;
187;Summon Ujigami;0;5;3;1;4;1;866;1;0;0;8;0;
188;Contact Kaijin;0;5;2;3;-1;0;867;1;0;0;25;0;
189;Contact Tatsu;0;6;3;3;-1;0;868;1;0;0;19;0;
190;Summon Kenzoku;0;6;4;1;3;1;869;1;0;0;9;0;
191;Summon Gozu Mezu;0;6;5;3;-1;0;870;1;0;0;7;92;
192;Contact Yama-no-kami;0;7;3;4;-1;0;871;1;0;0;28;0;
193;Summon Abysian Ancestors;0;2;5;1;0;1;872;5;0;0;5;0;
194;Reawaken Fossil;4;5;3;2;5;1;873;1003;0;0;10;0;
195;Summon Spectral Infantry;0;2;5;1;0;1;874;5;0;0;5;0;
196;Contact Scorpion Man;0;8;3;1;0;1;875;1;0;0;12;0;
197;Inner Furnace;4;5;0;3;-1;0;876;1;0;0;1;0;
198;Summon Simargl;0;2;1;1;-1;0;877;1;0;0;1;0;
199;Summon Firebird;0;3;0;1;4;1;878;1;0;0;2;0;
200;Send Lady Midday;0;5;1;1;5;1;879;1;0;0;10;0;
201;Contact Sirin;0;3;4;2;-1;0;880;1;0;0;8;0;
202;Send Vodyanoy;0;4;2;2;-1;0;881;1;0;0;20;0;
203;Summon Rusalka;0;4;2;1;5;1;882;1;0;0;16;0;
204;Summon Likho;0;4;5;1;-1;0;883;1;0;0;10;0;
205;Contact Alkonost;0;4;4;2;-1;0;884;1;0;0;15;0;
206;Summon Zmey;0;5;0;2;-1;0;885;1;0;0;8;0;
207;Send Bukavac;0;5;2;4;-1;0;886;1;0;0;5;0;
208;Contact Gamayun;0;5;4;3;-1;0;887;1;0;0;25;0;
209;Contact Beregina;0;6;2;3;3;1;888;1;0;0;35;0;
210;Contact Mountain Vila;0;7;6;4;-1;0;889;1;0;0;40;0;
211;Contact Cloud Vila;0;7;1;4;-1;0;890;1;0;0;40;0;
212;Contact Leshiy;0;8;6;6;-1;0;891;1;0;0;60;0;
213;Sacred Crocodile;0;5;6;2;2;2;892;1;0;0;8;0;
214;...;-1;1;-1;0;-1;0;893;1;0;0;0;0;
215;Herd of Elephants;0;3;6;2;-1;0;894;1003;0;0;30;0;
216;Call Melqart;6;6;7;3;0;2;895;1;0;0;99;0;
217;Strange Fire;2;4;4;2;0;1;896;1;1;20;0;0;
218;Memories of Stone;4;5;5;2;3;1;897;1003;0;0;10;0;
219;Dirge for the Dead;0;6;5;3;8;1;898;1;0;0;25;0;
220;Banquet for the Dead;0;8;5;4;8;1;899;1;0;0;55;90;
221;Summon Se'irim;6;3;7;2;-1;0;900;8;0;0;33;0;
222;Summon Shedim;6;4;7;3;1;1;901;3;0;0;32;0;
223;Call Malakh;0;4;4;2;-1;0;902;1;0;0;9;0;
224;Call Hashmal;0;6;4;3;0;1;903;1;0;0;21;0;
225;Call Arel;0;7;4;4;6;1;904;1;0;0;39;0;
226;Call Ophan;0;8;4;5;0;2;905;1;0;0;49;0;
227;Call Merkavah;0;9;4;7;0;3;906;1;0;0;222;89;
228;Release Lord of Civilization;6;9;7;8;-1;0;907;1;0;0;177;85;
229;Summon Mazzikim;0;3;6;1;-1;0;908;8;0;0;3;0;
230;Summon Lilot;0;5;6;4;-1;0;909;1;0;0;25;0;
231;Summon Monster Fish;0;6;2;3;-1;0;910;1;0;0;10;0;
232;Send Tupilak;4;5;5;3;2;1;911;1;0;0;5;0;
233;Unholy Command;7;0;8;1;-1;0;912;1;0;0;0;0;
234;Unholy Protection;7;0;8;1;-1;0;913;1;100;0;0;0;
235;Unholy Blessing;7;0;8;1;-1;0;914;1;100;0;0;0;
236;Unholy Power;7;0;8;1;-1;0;915;1;100;0;0;0;
237;Anathema;7;0;8;2;-1;0;916;1;100;0;0;0;
238;Unholy Protection;7;0;8;2;-1;0;917;1;100;0;0;0;
239;Unholy Blessing;7;0;8;2;-1;0;918;1;100;0;0;0;
240;Apostasy;7;0;8;3;-1;0;919;1;100;0;0;0;
241;Unholy Power;7;0;8;3;-1;0;920;1;100;0;0;0;
242;Unholy Blessing;7;0;8;3;-1;0;921;1;100;0;0;0;
243;Protection of the Sepulchre;7;0;8;3;-1;0;922;1;100;0;0;0;
244;Power of the Sepulchre;7;0;8;4;-1;0;923;1;0;0;0;0;
245;Revive Lictor;0;0;5;2;-1;0;924;1;0;0;3;0;
246;Revive Censor;0;0;5;2;-1;0;925;1;0;0;4;0;
247;Revive Acolyte;0;0;5;2;-1;0;926;1;0;0;10;0;
248;Revive Bishop;0;0;5;2;-1;0;927;1;0;0;16;0;
249;Revive Arch Bishop;0;0;5;3;-1;0;928;1;0;0;23;0;
250;Revive Spectator;0;0;5;2;-1;0;929;1;0;0;12;0;
251;Revive Dusk Elder;0;0;5;3;-1;0;930;1;0;0;20;0;
252;Revive Wailing Lady;0;2;5;2;-1;0;931;1;0;0;15;0;
253;Lictorian Guard;0;3;5;2;-1;0;932;5;0;0;10;0;
254;Lamentation;0;5;5;3;-1;0;933;5;0;0;50;0;
255;Great Lamentation;0;7;5;5;-1;0;934;14;0;0;66;0;
256;Lictorian Legion;0;8;5;4;-1;0;935;25;0;0;35;0;
257;Ermorian Legion;4;6;5;4;-1;0;936;50;0;0;15;0;
258;Revive Shadow Tribune;0;0;5;1;-1;0;937;1;0;0;8;0;
259;Revive Lemur Centurion;0;0;5;1;-1;0;938;1;0;0;5;0;
260;Revive Lemur Senator;0;0;5;2;-1;0;939;1;0;0;15;0;
261;Revive Lemur Consul;0;0;5;3;-1;0;940;1;0;0;25;0;
262;Revive Lemur Acolyte;0;0;5;2;-1;0;941;1;0;0;15;0;
263;Revive Lemur Thaumaturg;0;0;5;3;-1;0;942;1;0;0;30;0;
264;Revive Grand Lemur;0;0;5;3;-1;0;943;1;0;0;50;0;
265;Unholy Command;7;0;8;1;-1;0;944;1;0;0;0;0;
266;Unholy Protection;7;0;8;1;-1;0;945;1;100;0;0;0;
267;Unholy Blessing;7;0;8;1;-1;0;946;1;100;0;0;0;
268;Unholy Power;7;0;8;1;-1;0;947;1;100;0;0;0;
269;Anathema;7;0;8;2;-1;0;948;1;100;0;0;0;
270;Unholy Protection;7;0;8;2;-1;0;949;1;100;0;0;0;
271;Unholy Blessing;7;0;8;2;-1;0;950;1;100;0;0;0;
272;Apostasy;7;0;8;3;-1;0;951;1;100;0;0;0;
273;Unholy Power;7;0;8;3;-1;0;952;1;100;0;0;0;
274;Unholy Blessing;7;0;8;3;-1;0;953;1;100;0;0;0;
275;Protection of the Shadelands;7;0;8;3;-1;0;954;1;100;0;0;0;
276;Power of the Shadelands;7;0;8;4;-1;0;955;1;0;0;0;0;
277;Revive Grave Consort;4;0;5;1;-1;0;956;1;0;0;10;0;
278;Revive Tomb Priest;4;0;5;2;-1;0;957;1;0;0;16;0;
279;Revive Tomb King;4;0;5;3;-1;0;958;1;0;0;23;0;
280;Protection of the Grave;7;0;8;1;-1;0;959;1;100;0;0;0;
281;Power of the Grave;7;0;8;1;-1;0;960;1;100;0;0;0;
282;Protection of the Grave;7;0;8;2;-1;0;961;1;100;0;0;0;
283;Royal Power;7;0;8;3;-1;0;962;1;100;0;0;0;
284;Royal Protection;7;0;8;3;-1;0;963;1;100;0;0;0;
285;Power of the Reborn King;7;0;8;4;-1;0;964;1;0;0;0;0;
286;Divination;-1;1;8;3;-1;0;965;1;0;0;0;0;
287;Tune of Fear;4;0;6;1;-1;0;966;1;0;5;0;0;
288;Tune of Growth;4;0;6;1;-1;0;967;1;0;5;0;0;
289;Tune of Dancing Death;4;0;6;1;-1;0;968;1;0;5;0;0;
290;Carrion Centaur;4;0;6;1;5;1;969;1;0;0;8;0;
291;Carrion Lady;4;0;6;1;5;1;970;1;0;0;16;0;
292;Carrion Lord;4;0;6;3;5;2;971;1;0;0;35;0;
293;Quick Roots;4;0;8;1;-1;0;972;1;100;0;0;0;
294;Regrowth;4;0;8;2;-1;0;973;1;100;0;0;0;
295;Mend the Dead;4;0;8;3;-1;0;974;1;100;0;0;0;
296;Puppet Mastery;4;0;8;3;-1;0;975;1;100;0;0;0;
297;Carrion Growth;4;0;8;4;-1;0;976;1;100;0;0;0;
298;Song of Bravery;4;0;6;1;-1;0;977;1;0;5;0;0;
299;Soothing Song;4;0;6;1;-1;0;978;1;0;5;0;0;
300;Healing Song;4;0;6;1;-1;0;979;1;0;5;0;0;
301;Summon Black Dogs;0;2;5;2;-1;0;980;20;0;0;10;0;
302;Summon Cu Sidhe;0;3;6;2;-1;0;981;7;0;0;10;0;
303;Contact Cu Sidhe;0;3;6;2;-1;0;982;7;0;0;10;0;
304;Summon Barghests;0;4;5;2;-1;0;983;9;0;0;13;0;
305;Summon Bean Sidhe;0;5;5;1;-1;0;984;1;0;0;25;0;
306;Summon Morrigan;0;6;5;2;1;1;985;1;0;0;4;0;
307;Dance of the Morrigans;0;8;5;5;1;2;986;1;0;0;4;0;
308;Iron Darts;2;3;3;1;8;1;987;2001;5;10;0;0;
309;Iron Blizzard;2;6;3;1;8;1;988;5025;3;50;0;0;
310;Contact Iron Angel;0;8;3;5;4;2;989;1;0;0;25;0;
311;Tempering the Will;5;5;3;3;-1;0;990;1;100;20;0;0;
312;...;-1;1;-1;0;-1;0;991;1;0;0;0;0;
313;Sanguine Heritage;6;0;7;3;5;3;992;1;0;0;44;0;
314;Summon Monster Toads;0;5;6;2;-1;0;993;3;0;0;8;0;
315;...;-1;1;-1;0;-1;0;994;1;0;0;0;0;
316;Contact Couatl;0;7;6;1;4;1;995;1;0;0;40;0;
317;Summon Yazatas;0;5;4;2;-1;0;996;6;0;0;15;0;
318;Call Amesha Spenta;0;8;4;5;-1;0;997;1;0;0;60;0;
319;Contact Harbinger;0;6;4;4;-1;0;998;1;0;0;25;0;
320;Angelic Host;0;7;4;5;-1;0;999;6;0;0;50;0;
321;Heavenly Wrath;0;7;4;3;0;1;1000;1;0;0;35;0;
322;Heavenly Choir;0;9;4;7;0;2;1001;1;0;0;144;68;
323;Bind Harlequin;6;1;7;1;-1;0;1002;1;0;0;1;0;
324;Reascendance;6;7;7;4;4;1;1003;1;0;0;88;0;
325;Summon Valkyries;0;6;1;3;5;1;1004;7;0;0;1;0;
326;Awaken Draugar;0;4;5;2;-1;0;1005;3;0;0;12;0;
327;Summon Glosos;0;3;5;2;-1;0;1006;9;0;0;13;0;
328;Brood of Garm;0;4;6;2;-1;0;1007;5;0;0;10;0;
329;Illwinter;6;6;7;5;2;3;1008;1;0;0;120;0;
330;Summon Jaguar Toad;0;1;6;1;-1;0;1009;1;0;0;1;0;
331;Summon Jaguars;0;3;6;2;-1;0;1010;17;0;0;25;0;
332;Summon Jade Serpent;0;4;2;2;-1;0;1011;1;0;0;5;0;
333;Summon Monster Toad;0;5;6;2;-1;0;1012;1;0;0;2;0;
334;Contact Couatl;0;6;6;1;4;1;1013;1;0;0;40;0;
335;Summon Tlaloque;0;7;2;4;-1;0;1014;1;0;0;60;0;
336;Bind Beast Bats;6;2;7;1;-1;0;1015;3;0;0;8;0;
337;Bind Jaguar Fiends;6;4;7;1;0;1;1016;3;0;0;13;0;
338;Contact Civateteo;6;5;7;2;5;2;1017;1;0;0;25;0;
339;Bind Tzitzimitl;6;6;7;2;4;2;1018;1;0;0;10;0;
340;Contact Tlahuelpuchi;6;6;7;2;-1;0;1019;1;0;0;25;0;
341;Contact Onaqui;6;7;7;4;-1;0;1020;1;0;0;101;67;
342;Rain of Jaguars;6;8;7;6;0;2;1021;1008;0;0;40;0;
343;Celestial Servant;0;1;3;1;4;1;1022;1;0;0;3;0;
344;Heavenly Rivers;0;3;2;1;4;1;1023;3;0;0;12;0;
345;Celestial Hounds;0;4;1;1;4;1;1024;2;0;0;5;0;
346;Heavenly Fires;0;5;0;1;4;1;1025;3;0;0;10;0;
347;Call Celestial Soldiers;0;6;1;2;4;1;1026;5;0;0;15;0;
348;Call Ancestor;0;1;5;1;-1;0;1027;1;0;20;0;0;
349;Wrath of the Ancestors;0;7;5;1;-1;0;1028;2018;0;0;1;0;
350;Summon Nagas;0;3;2;2;3;1;1029;6;0;0;20;0;
351;Summon Apsaras;0;3;4;2;-1;0;1030;3;0;0;3;0;
352;Contact Yaksha;0;4;6;2;3;1;1031;1;0;0;25;0;
353;Contact Yakshini;0;4;6;2;2;1;1032;1;0;0;25;0;
354;Contact Nagini;0;4;2;2;3;1;1033;1;0;0;25;0;
355;Summon Gandharvas;0;5;4;2;-1;0;1034;6;0;0;18;0;
356;Contact Nagaraja;0;5;2;2;3;2;1035;1;0;0;30;0;
357;Summon Kinnara;0;6;4;3;-1;0;1036;1;0;0;25;0;
358;Contact Nagarishi;0;6;2;3;3;3;1037;1;0;0;40;0;
359;Summon Siddha;0;7;4;4;-1;0;1038;1;0;0;35;0;
360;Summon Devata;0;8;4;5;-1;0;1039;1;0;0;45;0;
361;Summon Devala;0;9;4;5;-1;0;1040;1;0;0;55;0;
362;Summon Rudra;0;9;4;5;-1;0;1041;1;0;0;55;0;
363;Celestial Music;5;6;4;3;-1;0;1042;1;0;0;1;0;
364;Summon Rakshasas;6;1;7;1;-1;0;1043;3;0;0;10;0;
365;Feast of Flesh;6;2;7;1;6;1;1044;15;0;0;50;0;
366;Summon Asrapas;6;3;7;2;-1;0;1045;5;0;0;11;0;
367;Summon Rakshasa Warriors;6;4;7;2;-1;0;1046;5;0;0;25;0;
368;Summon Sandhyabalas;6;5;7;2;5;1;1047;3;0;0;30;0;
369;Summon Dakini;6;6;7;2;1;1;1048;1;0;0;50;0;
370;Summon Samanishada;6;7;7;3;5;1;1049;1;0;0;35;0;
371;Summon Mandeha;6;8;7;5;5;2;1050;1;0;0;133;0;
372;Summon Danavas;6;8;7;5;-1;0;1051;3;0;0;75;0;
373;Host of Ganas;0;2;5;1;-1;0;1052;20;0;0;12;0;
374;Summon Vetalas;0;5;5;2;-1;0;1053;10;0;0;10;0;
375;Summon Ko-Oni;0;1;5;1;-1;0;1054;1004;0;0;7;0;
376;Summon Kappa;0;1;2;1;6;1;1055;3;0;0;3;0;
377;Summon Ao-Oni;0;2;2;1;5;1;1056;1004;0;0;10;0;
378;Summon Karasu Tengus;0;2;6;1;1;1;1057;3;0;0;3;0;
379;Summon Aka-Oni;0;3;0;1;5;1;1058;1003;0;0;10;0;
380;Summon Konoha Tengus;0;3;1;1;3;1;1059;1004;0;0;5;0;
381;Ghost General;0;4;5;3;-1;0;1060;1;0;0;10;0;
382;Summon Oni;0;4;3;1;5;1;1061;1004;0;0;12;0;
383;Contact Dai Tengu;0;5;1;2;3;1;1062;1;0;0;55;77;
384;Contact Nushi;0;5;2;2;6;1;1063;1;0;0;25;0;
385;Summon Kuro-Oni;0;5;5;2;0;1;1064;4;0;0;10;0;
386;Summon Oni General;0;6;5;2;0;1;1065;1;0;0;20;0;
387;Contact Kitsune;0;6;6;2;-1;0;1066;1;0;0;30;0;
388;Summon Dai Oni;0;8;5;4;0;1;1067;1;0;0;45;0;
389;Bind Umbral;0;5;5;2;3;1;1068;1;0;0;2;0;
390;Unleash Imprisoned Ones;1;9;3;6;5;4;1069;1;0;0;100;0;
391;Rhuax Pact;0;3;0;1;3;1;1070;5;0;0;2;0;
392;Barathrus Pact;0;3;3;2;-1;0;1071;1;0;0;2;0;
393;Attentive Statues;4;1;3;2;-1;0;1072;2;0;0;4;0;
394;Enliven Sentinel;4;3;3;2;-1;0;1073;1;0;0;3;0;
395;Enliven Granite Guard;4;5;3;3;-1;0;1074;1;0;0;12;0;
396;Enliven Marble Oracle;4;6;3;3;5;1;1075;1;0;0;35;0;
397;Iron Corpse Reanimation;4;2;3;1;5;1;1076;1004;0;0;2;0;
398;Reanimate Ancestor;4;2;3;2;5;2;1077;1;0;0;3;0;
399;Flame Corpse Construction;4;4;0;1;5;1;1078;1;0;0;1;0;
400;Ktonian Legion;4;6;3;2;5;2;1079;5020;0;0;15;0;
401;Awaken Shard Wights;0;3;5;1;3;1;1080;1004;0;0;15;0;
402;Awaken Sepulchral;0;5;5;2;3;1;1081;1;0;0;4;0;
403;Awaken Tomb Oracle;0;6;5;3;3;2;1082;1;0;0;30;0;
404;Hall of the Dead;0;8;5;5;3;1;1083;4000;0;0;25;0;
405;Iron Marionettes;1;5;3;3;-1;0;1084;1;100;0;1;0;
406;Contact Void Spectre;0;6;4;3;-1;0;1085;1;0;0;25;0;
407;Dreams of R'lyeh;5;6;4;4;-1;0;1086;1;-1;0;4;0;
408;...;-1;1;-1;0;-1;0;1087;1;0;0;0;0;
409;...;-1;1;-1;0;-1;0;1088;1;0;0;0;0;
410;Burning Hands;2;1;0;1;-1;0;1089;1;0;5;0;0;
411;Fire Darts;2;1;0;1;-1;0;1090;1002;4;20;0;0;
412;Flame Bolt;2;1;0;2;-1;0;1091;1;2;20;0;0;
413;Shocking Grasp;2;1;1;1;-1;0;1092;1;0;3;0;1;
414;Slime;2;1;2;1;-1;0;1093;1;2;20;0;0;
415;Cold Bolt;2;1;2;2;-1;0;1094;1;3;20;0;0;
416;Geyser;2;1;2;1;0;1;1095;1;3;5;0;0;
417;Acid Spray;2;1;2;2;0;1;1096;1;0;20;0;13;
418;Astral Projection;2;1;4;1;-1;0;1097;1;0;0;2;0;
419;Star Fires;2;1;4;1;-1;0;1098;2;2;20;0;0;
420;Arcane Bolt;2;1;4;2;-1;0;1099;1;3;20;0;0;
421;Fire Blast;2;2;0;2;-1;0;1100;1;0;20;0;3;
422;Flare;2;2;0;3;-1;0;1101;1;1;50;0;3;
423;Sulphur Haze;2;2;0;2;1;1;1102;1;0;20;0;39;
424;Cold Blast;2;2;2;2;-1;0;1103;1;0;20;0;0;
425;Rain;2;2;2;2;-1;0;1104;1;0;0;1;0;
426;Lightning Bolt;2;2;1;2;-1;0;1105;1;4;10;0;1;
427;Shock Wave;2;2;1;2;-1;0;1106;1;0;10;0;0;
428;Rust Mist;2;2;3;2;2;1;1107;1;0;30;0;0;
429;Solar Rays;2;2;4;2;-1;0;1108;1;100;20;0;0;
430;Vine Arrow;2;2;6;1;-1;0;1109;1;0;20;0;47;
431;Fireball;2;3;0;2;-1;0;1110;1;1;20;0;3;
432;Fires from Afar;2;3;0;3;-1;0;1111;1007;0;0;10;0;
433;Mist;2;3;1;3;-1;0;1112;1;0;0;1;0;
434;Freezing Mist;2;3;2;3;1;1;1113;1;1;20;0;9;
435;Acid Bolt;2;3;2;2;0;1;1114;1;3;30;0;13;
436;Magma Bolts;2;3;3;1;0;1;1115;3;2;20;0;112;
437;Arcane Probing;2;3;4;1;-1;0;1116;1;0;0;3;0;
438;Magic Duel;2;3;4;1;-1;0;1117;1;100;0;1;0;
439;Healing Light;2;3;4;1;6;1;1118;1;100;20;0;0;
440;Shadow Bolt;2;3;5;2;-1;0;1119;1;3;20;0;42;
441;Sleep Cloud;2;3;6;2;-1;0;1120;1;3;20;0;0;
442;Holy Pyre;2;4;0;2;-1;0;1121;1;1;20;0;0;
443;Fire Cloud;2;4;0;3;-1;0;1122;1;1;20;0;0;
444;Fate of Oedipus;2;4;0;4;-1;0;1123;1;0;0;75;0;
445;Thunder Strike;2;4;1;3;-1;0;1124;1;2;50;0;5;
446;Hurricane;2;4;1;3;-1;0;1125;1;0;0;5;0;
447;Water Strike;2;1;2;1;-1;0;1126;1;2;20;0;0;
448;Acid Rain;2;4;2;3;0;1;1127;1;3;30;0;13;
449;Blade Wind;2;4;3;3;-1;0;1128;3031;0;80;0;0;
450;Nether Bolt;2;4;4;1;5;1;1129;1;2;15;0;24;
451;Bolt of Unlife;2;4;5;2;-1;0;1130;1;1;20;0;0;
452;Bane Fire Dart;2;4;5;1;0;1;1131;1;4;20;0;11;
453;Breath of the Dragon;2;4;6;2;-1;0;1132;1;-1;20;0;0;
454;Falling Fires;2;5;0;3;-1;0;1133;1;1;20;0;0;
455;Falling Frost;2;5;2;3;-1;0;1134;1;0;20;0;0;
456;Orb Lightning;2;5;1;1;-1;0;1135;1000;2;10;0;1;
457;Storm;2;5;1;4;-1;0;1136;1;0;0;1;0;
458;Earthquake;2;5;3;4;-1;0;1137;1;0;0;3;107;
459;Gifts from Heaven;2;5;3;3;4;1;1138;3;-3;50;0;0;
460;Stellar Cascades;2;5;4;2;-1;0;1139;1;100;20;0;0;
461;Astral Geyser;2;5;4;3;-1;0;1140;1;0;20;0;83;
462;Celestial Chastisement;2;5;4;3;-1;0;1141;1;100;20;0;84;
463;Shadow Blast;2;5;5;2;-1;0;1142;1;0;0;1;42;
464;Poison Cloud;2;5;6;3;-1;0;1143;1;-1;20;0;0;
465;Healing Mists;2;5;6;3;1;1;1144;1;3;20;0;0;
466;Flame Eruption;2;6;0;2;-1;0;1145;1;0;30;0;0;
467;Wrathful Skies;2;6;1;5;-1;0;1146;1;0;0;2;0;
468;Perpetual Storm;2;6;1;5;-1;0;1147;1;0;0;70;0;
469;Cleansing Water;2;6;2;2;-1;0;1148;1;0;20;0;0;
470;Magma Eruption;2;6;3;3;0;1;1149;1;0;30;0;30;
471;Mind Hunt;2;6;4;4;-1;0;1150;1;0;0;2;0;
472;Astral Fires;2;6;4;3;0;1;1151;1;100;20;0;0;
473;The Wrath of God;2;6;4;5;1;3;1152;1;0;0;70;0;
474;Blast of Unlife;2;6;5;3;-1;0;1153;1;0;20;0;0;
475;Bane Fire;2;6;5;3;0;1;1154;1;1;30;0;20;
476;Wailing Winds;2;6;5;4;1;1;1155;1;0;0;1;0;
477;Stream of Life;2;6;6;3;-1;0;1156;1;2;20;0;0;
478;Fire Storm;2;7;0;5;-1;0;1157;1;0;0;5;0;
479;Ice Strike;2;7;2;2;-1;0;1158;1;1;20;0;0;
480;Murdering Winter;2;7;2;5;-1;0;1159;1;0;0;40;0;
481;Acid Storm;2;7;2;4;0;1;1160;1;0;0;3;0;
482;Shimmering Fields;2;7;1;6;-1;0;1161;1;0;0;2;1;
483;Rain of Stones;2;7;3;3;1;1;1162;1;0;0;1;0;
484;Storm of Thorns;2;7;6;2;-1;0;1163;2003;0;20;0;47;
485;Nether Darts;2;7;4;1;5;1;1164;1014;0;15;0;24;
486;Cloud of Death;2;7;5;4;-1;0;1165;1;-3;10;0;0;
487;Wind of Death;2;7;5;4;1;1;1166;1;0;0;1;0;
488;Pillar of Fire;2;8;0;2;-1;0;1167;1;0;20;0;3;
489;Second Sun;2;8;0;8;-1;0;1168;1;0;0;80;0;
490;Maelstrom;2;8;2;6;-1;0;1169;1;0;0;80;0;
491;Astral Tempest;2;8;4;5;-1;0;1170;1;0;0;2;0;
492;Vortex of Unlife;2;8;5;5;-1;0;1171;1;0;20;0;0;
493;Flames from the Sky;2;9;0;5;-1;0;1172;1;0;0;30;0;
494;Flame Storm;2;9;0;5;-1;0;1173;1;0;0;1;0;
495;Volcanic Eruption;2;9;0;3;3;3;1174;1;0;0;15;0;
496;Niefel Flames;2;9;2;5;-1;0;1175;1;0;0;2;0;
497;Tidal Wave;2;9;2;5;-1;0;1176;1;0;0;15;0;
498;Strands of Arcane Power;2;9;4;7;-1;0;1177;1;0;0;70;0;
499;Distill Gold;1;1;0;1;-1;0;1178;1;0;0;1;0;
500;Charge Body;1;1;1;1;-1;0;1179;1;0;5;0;0;
501;Aim;1;1;1;1;-1;0;1180;1;5;5;0;0;
502;False Fetters;1;1;1;2;-1;0;1181;1;0;10;0;0;
503;Fists of Iron;1;1;3;1;-1;0;1182;1000;5;30;0;0;
504;Earth Grip;1;1;3;1;-1;0;1183;1;5;10;0;0;
505;Earth Might;1;1;3;2;-1;0;1184;1;0;20;0;0;
506;Hand of Death;1;1;5;2;-1;0;1185;1;0;5;0;0;
507;Skeletal Body;1;1;5;1;-1;0;1186;1;0;20;0;0;
508;Eagle Eyes;1;1;6;1;-1;0;1187;1;0;5;0;0;
509;Poison Touch;1;1;6;1;-1;0;1188;1;0;5;0;0;
510;Resist Poison;1;1;6;1;-1;0;1189;1;0;5;0;0;
511;Barkskin;1;1;6;1;-1;0;1190;1;0;5;0;0;
512;Personal Luck;1;1;4;1;-1;0;1191;1;0;20;0;0;
513;Combustion;1;2;0;1;-1;0;1192;1;100;10;0;0;
514;Resist Cold;1;2;0;1;-1;0;1193;1;0;10;0;0;
515;Phantasmal Warrior;1;2;1;1;-1;0;1194;1;0;10;0;0;
516;Mirror Image;1;2;1;1;-1;0;1195;1;0;10;0;0;
517;Resist Fire;1;2;2;1;-1;0;1196;1;0;10;0;0;
518;Quicken Self;1;2;2;1;-1;0;1197;1;0;20;0;0;
519;Ice Shield;1;2;2;1;-1;0;1198;1;0;20;0;0;
520;Resist Lightning;1;2;3;1;-1;0;1199;1;0;10;0;0;
521;Alchemical Transmutation;1;2;3;1;-1;0;1200;1;0;0;1;0;
522;Stoneskin;1;2;3;1;-1;0;1201;1;0;10;0;0;
523;Armor of Achilles;1;2;3;1;-1;0;1202;1;3;40;0;0;
524;Earth Meld;1;2;3;2;-1;0;1203;1;3;60;0;0;
525;Cheat Fate;1;2;4;1;-1;0;1204;1;0;20;0;0;
526;Weakness;1;2;5;1;-1;0;1205;1;3;20;0;0;
527;Enlarge;1;2;6;2;-1;0;1206;1;0;20;0;0;
528;Immolation;1;3;0;2;-1;0;1207;1;0;20;0;0;
529;Inner Sun;1;3;0;1;4;1;1208;1;0;0;1;0;
530;Mistform;1;3;1;2;-1;0;1209;1;0;10;0;0;
531;Ghost Wolves;1;3;1;3;-1;0;1210;2;0;10;0;0;
532;Numbness;1;3;2;2;-1;0;1211;1;100;20;0;0;
533;Ironskin;1;3;3;1;-1;0;1212;1;0;20;0;0;
534;Protection;1;3;6;1;-1;0;1213;1;100;20;0;0;
535;Mossbody;1;3;6;1;2;1;1214;1;0;20;0;0;
536;Luck;1;3;4;1;-1;0;1215;1;2;20;0;0;
537;Breath of the Desert;1;4;0;3;1;1;1216;1;0;0;5;0;
538;Wind Guide;1;4;1;2;-1;0;1217;1;0;0;1;0;
539;Liquid Body;1;4;2;1;-1;0;1218;1;0;20;0;0;
540;Quickness;1;4;2;2;-1;0;1219;1;1;20;0;0;
541;Encase in Ice;1;4;2;2;-1;0;1220;1;100;20;0;0;
542;Wolven Winter;1;4;2;3;-1;0;1221;1;0;0;5;0;
543;Temper Flesh;1;4;3;1;-1;0;1222;1;0;20;0;0;
544;Destruction;1;4;3;3;-1;0;1223;1;3;40;0;0;
545;Curse of Stones;1;4;3;3;-1;0;1224;1;0;0;3;0;
546;Blight;1;4;3;2;5;1;1225;1;0;0;5;0;
547;Arouse Hunger;1;4;5;3;-1;0;1226;3000;0;0;5;0;
548;Elemental Fortitude;1;4;6;1;-1;0;1227;1;0;10;0;0;
549;Swarm;1;4;6;1;-1;0;1228;2018;0;0;1;0;
550;Body Ethereal;1;4;4;1;-1;0;1229;1;0;30;0;0;
551;Stygian Skin;1;4;5;1;2;1;1230;1;0;20;0;0;
552;Shrink;1;4;6;2;-1;0;1231;1;0;20;0;0;
553;Transmute Fire;1;5;0;2;-1;0;1232;1;0;0;1;0;
554;Cold Resistance;1;5;0;3;-1;0;1233;1;0;0;1;0;
555;Incinerate;1;5;0;3;-1;0;1234;1;100;20;0;0;
556;Solar Eclipse;1;5;0;3;4;1;1235;1;0;0;1;0;
557;Phantasmal Army;1;5;1;4;-1;0;1236;5005;0;0;1;0;
558;Fire Resistance;1;5;2;3;-1;0;1237;1;0;0;1;0;
559;Bone Melter;1;5;2;3;6;2;1238;1;3;20;0;0;
560;Lightning Resistance;1;5;3;3;-1;0;1239;1;0;0;1;0;
561;Maws of the Earth;1;5;3;3;-1;0;1240;1;3;0;1;100;
562;Iron Warriors;1;5;3;2;-1;0;1241;1;2;40;0;0;
563;Shatter;1;5;3;3;-1;0;1242;1;100;20;0;43;
564;Baleful Star;1;5;4;3;-1;0;1243;1;0;0;7;0;
565;Enfeeble;1;5;5;2;-1;0;1244;1;3;0;1;0;
566;Invulnerability;1;5;5;3;-1;0;1245;1;0;20;0;0;
567;Drain Life;1;5;5;4;-1;0;1246;1;100;10;0;0;
568;Wooden Warriors;1;5;6;2;-1;0;1247;1;0;50;0;0;
569;Mother Oak;1;5;6;5;-1;0;1248;1;0;0;50;0;
570;Blindness;1;6;0;1;-1;0;1249;1;100;20;0;0;
571;Boil;1;6;0;3;2;1;1250;1;100;20;0;0;
572;False Horror;1;6;1;3;-1;0;1251;1;0;10;0;0;
573;Frozen Heart;1;6;2;1;-1;0;1252;1;100;20;0;0;
574;Wave Warriors;1;6;2;3;-1;0;1253;1;0;0;1;0;
575;Manifest Vitriol;1;6;2;2;0;1;1254;1;0;0;2;0;
576;Earth Gem Alchemy;1;6;3;2;-1;0;1255;1;0;0;1;0;
577;Iron Bane;1;6;3;3;-1;0;1256;1;0;0;1;0;
578;Petrify;1;6;3;5;-1;0;1257;1;100;40;0;58;
579;Iron Pigs;1;6;3;3;6;1;1258;7;0;0;10;0;
580;Control;1;6;4;3;-1;0;1259;1;100;0;1;0;
581;Battle Fortune;1;6;4;3;-1;0;1260;1;5;0;1;0;
582;Skeletal Legion;1;6;5;4;-1;0;1261;1;0;0;1;101;
583;Soul Vortex;1;6;5;3;-1;0;1262;1;0;40;0;0;
584;Darkness;1;6;5;4;-1;0;1263;1;0;0;4;0;
585;Army of Giants;1;6;6;3;-1;0;1264;1;0;0;1;0;
586;Phoenix Pyre;1;7;0;2;-1;0;1265;1;0;20;0;0;
587;Phantasmal Attack;1;7;1;4;-1;0;1266;5005;0;0;8;0;
588;Fog Warriors;1;7;1;5;-1;0;1267;1;0;0;3;0;
589;Liquify;1;8;2;4;-1;0;1268;1;100;20;0;103;
590;Prison of Sedna;1;7;2;3;-1;0;1269;1;100;0;1;0;
591;Sea of Ice;1;7;2;6;-1;0;1270;1;0;0;80;0;
592;Marble Warriors;1;7;3;3;-1;0;1271;1;0;0;1;0;
593;Iron Walls;1;7;3;5;-1;0;1272;1;0;0;10;0;
594;Doom;1;7;4;4;-1;0;1273;1;0;0;1;0;
595;Bone Grinding;1;7;5;7;-1;0;1274;1;0;0;1;109;
596;Curse of the Frog Prince;1;7;6;2;-1;0;1275;1;100;20;0;0;
597;Creeping Doom;1;7;6;3;-1;0;1276;5055;0;0;1;0;
598;Transformation;1;6;6;2;-1;0;1277;1;0;0;8;0;
599;Mass Protection;1;7;6;3;-1;0;1278;1;0;0;1;0;
600;Conflagration;1;8;0;2;-1;0;1279;1;100;20;0;0;
601;Warriors of Muspelheim;1;8;0;4;-1;0;1280;1;0;0;2;0;
602;Fata Morgana;1;8;1;7;-1;0;1281;1;0;0;90;0;
603;Quickening;1;8;2;2;-1;0;1282;1;0;0;1;0;
604;Warriors of Niefelheim;1;8;2;4;-1;0;1283;1;0;0;2;0;
605;Wizard's Tower;1;8;3;4;-1;0;1284;1;0;0;50;0;
606;Crumble;1;6;3;5;-1;0;1285;1;0;0;20;0;
607;Ground Army;1;8;3;4;-1;0;1286;1;0;0;2;0;
608;Will of the Fates;1;8;4;4;-1;0;1287;1;0;0;4;0;
609;Disintegrate;1;8;5;2;-1;0;1288;1;100;10;0;0;
610;Stygian Rains;2;7;5;3;2;2;1289;1;0;0;2;79;
611;Polymorph;1;8;6;3;-1;0;1290;1;5;0;2;0;
612;Army of Gold;1;9;3;5;-1;0;1291;1;0;0;3;0;
613;Army of Lead;1;9;3;5;-1;0;1292;1;0;0;3;0;
614;Arcane Domination;1;9;4;7;-1;0;1293;1;0;0;7;0;
615;Wish;1;9;4;9;-1;0;1294;1;0;0;100;0;
616;Utterdark;1;9;5;9;-1;0;1295;1;0;0;100;0;
617;Army of Rats;1;9;6;7;-1;0;1296;1;0;0;5;104;
618;Tangle Vines;0;1;6;1;-1;0;1297;1;2;20;0;0;
619;Summon Animals;0;1;6;2;-1;0;1298;2011;0;0;10;0;
620;Summon Sea Dogs;0;1;6;1;2;1;1299;1004;0;0;3;0;
621;Summon Crocodiles;0;1;6;1;2;1;1300;1004;0;0;4;0;
622;Spirit Curse;0;1;5;1;-1;0;1301;1;100;0;1;0;
623;Black Servant;0;1;5;2;-1;0;1302;1;0;0;5;0;
624;Summon Fire Ants;0;2;0;2;6;1;1303;2006;0;0;10;0;
625;Summon Storm Power;0;2;1;1;-1;0;1304;1;0;10;0;0;
626;Summon Water Power;0;2;2;1;-1;0;1305;1;0;20;0;0;
627;Summon Ogres;0;2;3;1;-1;0;1306;1004;0;0;10;0;
628;Summon Shades;0;2;5;2;-1;0;1307;1003;0;0;8;0;
629;Summon Killer Mantis;0;2;6;2;-1;0;1308;1003;0;0;8;0;
630;Pack of Wolves;0;2;6;1;-1;0;1309;2008;0;0;2;0;
631;Summon Horned Serpents;0;2;6;1;-1;0;1310;1004;0;0;4;0;
632;Phoenix Power;0;3;0;2;-1;0;1311;1;0;20;0;19;
633;Summon Lesser Fire Elemental;0;3;0;1;-1;0;1312;1;0;0;1;0;
634;Bind Scorpion Beast;0;3;0;1;3;1;1313;1;0;0;2;0;
635;Summon Lesser Air Elemental;0;3;1;1;-1;0;1314;1;0;0;1;0;
636;Call of the Winds;0;3;1;2;-1;0;1315;41;0;0;10;0;
637;Summon Amphiptere;0;3;1;2;6;1;1316;1;0;0;5;0;
638;Summon Lesser Water Elemental;0;3;2;1;-1;0;1317;1;0;0;1;0;
639;Call Kraken;0;3;2;3;-1;0;1318;1;0;0;3;0;
640;Summon Yetis;0;3;2;2;1;1;1319;1003;0;0;15;0;
641;Summon Earthpower;0;3;3;2;-1;0;1320;1;0;20;0;0;
642;Summon Lesser Earth Elemental;0;3;3;1;-1;0;1321;1;0;0;1;0;
643;Power of the Spheres;0;3;4;1;-1;0;1322;1;0;0;1;0;
644;Dark Knowledge;0;3;5;1;-1;0;1323;1;0;0;4;0;
645;Revive Wights;0;3;5;2;-1;0;1324;4;0;0;20;0;
646;Revive Bane;0;3;5;2;-1;0;1325;1;0;0;7;0;
647;Sloth of Bears;0;3;6;2;-1;0;1326;2006;0;0;10;0;
648;Pride of Lions;0;3;6;2;-1;0;1327;2006;0;0;10;0;
649;Ambush of Tigers;0;3;6;2;-1;0;1328;2006;0;0;10;0;
650;Summon Bog Beasts;0;3;6;2;2;2;1329;1003;0;0;8;0;
651;Awaken Vine Men;0;3;6;1;-1;0;1330;3;0;0;1;0;
652;Call of the Wild;0;3;6;4;-1;0;1331;30;0;0;15;0;
653;Summon Sea Lions;0;3;6;2;2;1;1332;2006;0;0;15;0;
654;Summon Fire Drake;0;4;0;2;-1;0;1333;1;0;0;7;0;
655;Summon Wyverns;0;4;1;2;-1;0;1334;2;0;0;5;0;
656;Summon Gryphons;0;4;1;2;-1;0;1335;1003;0;0;10;0;
657;School of Sharks;0;4;2;2;-1;0;1336;2006;0;0;1;0;
658;Voice of Apsu;0;4;2;2;-1;0;1337;1;0;0;2;0;
659;Summon Ice Drake;0;4;2;2;-1;0;1338;1;0;0;7;0;
660;Summon Sea Serpent;0;4;2;2;-1;0;1339;1;0;0;5;0;
661;Summon Cave Drake;0;4;3;2;-1;0;1340;1;0;0;5;0;
662;Light of the Northern Star;0;4;4;3;-1;0;1341;1;0;0;2;0;
663;Summon Shade Beasts;0;4;5;3;-1;0;1342;3006;0;0;15;0;
664;Summon Lammashtas;0;4;5;2;-1;0;1343;2;0;0;1;0;
665;Maggots;0;4;6;1;-1;0;1344;1;100;0;1;0;
666;Awaken Vine Ogres;0;4;6;3;-1;0;1345;2;0;0;3;0;
667;Summon Leogryphs;0;4;6;2;-1;0;1346;2006;0;0;12;0;
668;Summon Swamp Drake;0;4;6;2;2;1;1347;1;0;0;8;0;
669;Summon Kithaironic Lion;0;4;6;3;3;1;1348;1;0;0;3;0;
670;Strength of Gaia;0;4;6;3;3;1;1349;1;0;20;0;27;
671;Will o' the Wisp;0;5;0;1;-1;0;1350;2;0;0;1;0;
672;Summon Fire Elemental;0;5;0;3;-1;0;1351;1;0;0;1;0;
673;Summon Summer Lions;0;5;0;3;-1;0;1352;1002;0;0;30;0;
674;Summon Air Elemental;0;5;1;3;-1;0;1353;1;0;0;1;0;
675;Summon Spring Hawks;0;5;1;3;-1;0;1354;1002;0;0;20;0;
676;Wind Ride;0;5;1;5;-1;0;1355;1;0;0;10;0;
677;Raven Feast;0;5;1;4;-1;0;1356;1;0;0;3;0;
678;Contact Draconians;0;5;1;3;-1;0;1357;1;0;0;45;37;
679;Voice of Tiamat;0;5;2;2;-1;0;1358;1;0;0;8;0;
680;Summon Water Elemental;0;5;2;3;-1;0;1359;1;0;0;1;0;
681;Contact Sea Trolls;0;5;2;3;-1;0;1360;1002;0;0;15;0;
682;Summon Winter Wolves;0;5;2;3;-1;0;1361;1002;0;0;10;0;
683;Contact Naiad;0;5;2;3;6;1;1362;1;0;0;35;0;
684;Naiad Warriors;0;5;2;3;6;1;1363;15;0;0;30;0;
685;Summon Earth Elemental;0;5;3;3;-1;0;1364;1;0;0;1;0;
686;Summon Fall Bears;0;5;3;3;-1;0;1365;1002;0;0;20;0;
687;Contact Trolls;0;5;3;3;-1;0;1366;1002;0;0;15;0;
688;Spirit Mastery;0;5;5;1;-1;0;1367;1014;0;0;4;0;
689;Ghost Grip;0;5;5;1;-1;0;1368;5;3;10;0;0;
690;Corpse Candle;0;5;5;1;0;1;1369;3;0;0;1;0;
691;Revive Bane Lord;0;5;5;4;-1;0;1370;1;0;0;12;0;
692;Acashic Record;0;5;4;2;-1;0;1371;1;0;0;10;0;
693;Howl;0;5;6;3;-1;0;1372;1;0;0;3;0;
694;Spirits of the Wood;0;5;6;3;-1;0;1373;2004;0;0;8;0;
695;Contact Forest Trolls;0;5;6;3;-1;0;1374;1002;0;0;10;0;
696;Awaken Sleeper;0;5;6;4;-1;0;1375;1;0;0;10;0;
697;Winged Monkeys;0;5;6;3;4;2;1376;1;0;0;10;0;
698;Summon Manticore;0;5;6;2;3;2;1377;1;0;0;5;0;
699;Summon Fire Snakes;0;6;0;2;-1;0;1378;1003;0;0;9;0;
700;Summon Great Eagles;0;6;1;3;-1;0;1379;1002;0;0;10;0;
701;Shark Attack;0;6;2;3;-1;0;1380;1;0;0;3;0;
702;Sea King's Court;0;6;2;3;-1;0;1381;1;0;0;55;36;
703;Streams from Hades;0;6;2;4;5;1;1382;1;0;0;40;0;
704;Contact Hill Giant;0;6;3;3;-1;0;1383;1;0;0;3;0;
705;Troll King's Court;0;6;3;3;-1;0;1384;1;0;0;55;25;
706;Acashic Knowledge;0;6;4;3;-1;0;1385;1;0;0;25;0;
707;Ether Gate;0;6;4;4;5;1;1386;1;0;0;90;45;
708;Summon Spectre;0;6;5;3;-1;0;1387;1;0;0;22;0;
709;Summon Ghosts;0;6;5;2;-1;0;1388;1003;0;0;14;0;
710;Forest Troll Tribe;0;6;6;3;-1;0;1389;1;0;0;37;99;
711;Contact Forest Giant;0;6;6;3;-1;0;1390;1;0;0;2;0;
712;Summon Sprites;0;6;6;1;1;1;1391;6;0;0;1;0;
713;Contact Lamias;0;6;6;3;-1;0;1392;1002;0;0;5;0;
714;Locust Swarms;0;6;6;3;-1;0;1393;1;0;0;8;0;
715;Contact Lamia Queen;0;6;6;5;5;2;1394;1;0;0;25;0;
716;Living Fire;0;7;0;4;-1;0;1395;1000;0;0;2;0;
717;Living Clouds;0;7;1;4;-1;0;1396;1000;0;0;2;0;
718;Summon Asp Turtle;0;7;2;3;-1;0;1397;1;0;0;13;0;
719;Living Water;0;7;2;4;-1;0;1398;1000;0;0;2;0;
720;Summon Catoblepas;0;7;2;3;5;2;1399;1;0;0;15;0;
721;Living Earth;0;7;3;4;-1;0;1400;1000;0;0;2;0;
722;Summon Mound Fiend;0;7;5;3;-1;0;1401;1;0;0;28;0;
723;Harvester of Sorrows;0;7;5;4;-1;0;1402;1;0;0;20;0;
724;Call Wraith Lord;0;7;5;5;-1;0;1403;1;0;0;40;0;
725;Animal Horde;0;7;6;4;-1;0;1404;100;0;0;25;0;
726;Awaken Ivy King;0;7;6;4;-1;0;1405;1;0;0;30;0;
727;Living Castle;0;7;6;4;2;1;1406;1;0;0;50;0;
728;King of Elemental Fire;0;8;0;5;-1;0;1407;1;0;0;50;0;
729;Queen of Elemental Air;0;8;1;5;-1;0;1408;1;0;0;50;0;
730;Queen of Elemental Water;0;8;2;5;-1;0;1409;1;0;0;50;0;
731;Guardians of the Deep;0;8;2;6;-1;0;1410;1;0;0;60;0;
732;Earth Attack;0;8;3;5;-1;0;1411;1;0;0;5;0;
733;King of Elemental Earth;0;8;3;5;-1;0;1412;1;0;0;50;0;
734;Manifestation;0;8;5;5;-1;0;1413;1;0;0;4;0;
735;Well of Misery;0;8;5;6;-1;0;1414;1;0;0;80;0;
736;King of Banefires;0;8;5;3;0;4;1415;1;0;0;50;0;
737;Call the Eater of the Dead;0;8;4;4;5;4;1416;1;0;0;50;0;
738;Dragon Master;4;8;6;3;-1;0;1417;1;0;0;30;0;
739;Wild Growth;0;8;6;4;-1;0;1418;1;0;40;0;0;
740;Faerie Court;0;8;6;5;-1;0;1419;1;0;0;40;38;
741;The Kindly Ones;0;8;0;6;6;4;1420;1;0;0;40;0;
742;Celestial Rainbow;2;9;2;7;6;5;1421;1;0;0;80;0;
743;Call Ancient Presence;0;9;2;6;6;4;1422;1;0;0;25;0;
744;Call Abomination;0;9;4;5;2;2;1423;1;0;0;25;0;
745;Ghost Riders;0;9;5;6;-1;0;1424;33;0;0;5;0;
746;Legion of Wights;0;9;5;6;-1;0;1425;3002;0;0;30;0;
747;Tartarian Gate;0;9;5;7;-1;0;1426;1;0;0;10;0;
748;Awaken Tarrasque;0;9;6;6;-1;0;1427;1;0;0;25;0;
749;Wild Hunt;0;7;6;6;-1;0;1428;1;0;0;50;0;
750;Enchanted Forests;0;9;6;7;-1;0;1429;1;0;0;90;0;
751;Corpse Man Construction;3;1;1;1;5;1;1430;1;0;0;1;0;
752;Clockwork Soldiers;3;3;3;2;-1;0;1431;1003;0;0;8;0;
753;Legions of Steel;3;3;3;3;-1;0;1432;1;0;40;0;0;
754;Construct Manikin;3;3;6;1;5;1;1433;2008;0;0;12;0;
755;Clockwork Horrors;3;5;3;2;-1;0;1434;2006;0;0;10;0;
756;Crusher Construction;3;5;3;3;-1;0;1435;1;0;0;15;0;
757;Wooden Construction;3;5;6;3;-1;0;1436;1;0;0;5;0;
758;Construct Mandragora;3;5;6;2;5;1;1437;2001;0;0;10;0;
759;Weapons of Sharpness;3;7;3;5;-1;0;1438;1;0;20;0;0;
760;Forge of the Ancients;3;7;3;5;-1;0;1439;1;0;0;80;0;
761;Mechanical Men;3;7;3;2;-1;0;1440;2006;0;0;15;0;
762;Golem Construction;3;7;4;3;3;2;1441;1;0;0;30;0;
763;Siege Golem;3;9;3;3;-1;0;1442;1;0;0;20;0;
764;Iron Dragon;3;9;3;4;0;2;1443;1;0;0;30;0;
765;Mechanical Militia;3;9;3;5;-1;0;1444;1;0;0;80;0;
766;Juggernaut Construction;3;9;4;5;-1;0;1445;1;0;0;25;0;
767;Poison Golem;3;9;5;4;3;2;1446;1;0;0;35;0;
768;Protection from Fire;4;1;0;1;-1;0;1447;1;0;5;0;0;
769;Windrunner;4;1;1;1;-1;0;1448;1;0;10;0;0;
770;Protection from Lightning;4;1;1;1;-1;0;1449;1;0;5;0;0;
771;Protection from Cold;4;1;2;1;-1;0;1450;1;0;5;0;0;
772;Resist Magic;4;1;4;1;-1;0;1451;1;0;20;0;0;
773;Animate Skeleton;4;1;5;1;-1;0;1452;1;-2;30;0;0;
774;Animate Dead;4;1;5;1;-1;0;1453;1;-2;20;0;0;
775;Reanimation;4;1;5;1;-1;0;1454;10;0;0;5;0;
776;Poison Resistance;4;1;6;1;-1;0;1455;1;0;5;0;0;
777;Healing Touch;4;1;6;1;-1;0;1456;1;1;20;0;0;
778;Flight;4;2;1;1;-1;0;1457;1;0;20;0;0;
779;Water Shield;4;2;2;1;-1;0;1458;1;0;20;0;0;
780;Breath of Winter;4;2;2;1;-1;0;1459;1;0;20;0;0;
781;Flying Shield;4;2;3;1;1;1;1460;1;0;20;0;0;
782;Revive King;4;2;5;1;-1;0;1461;1;0;0;3;0;
783;Gift of the Hare;4;2;6;1;-1;0;1462;1;0;20;0;0;
784;Personal Regeneration;4;2;6;2;-1;0;1463;1;0;20;0;0;
785;Fire Shield;4;3;0;1;-1;0;1464;1;0;20;0;0;
786;Gift of Flight;4;3;1;2;-1;0;1465;1;0;20;0;0;
787;Seeking Arrow;4;3;1;3;-1;0;1466;1;0;0;4;0;
788;Claymen;4;3;2;1;3;1;1467;1004;0;0;5;0;
789;Strength of Giants;4;3;3;3;-1;0;1468;1;0;40;0;0;
790;Astral Shield;4;3;4;1;-1;0;1469;1;0;20;0;0;
791;Raise Skeletons;4;3;5;2;-1;0;1470;3;-2;40;0;0;
792;Create Revenant;4;3;5;2;-1;0;1471;1;0;0;9;0;
793;Regeneration;4;3;6;3;-1;0;1472;1;0;40;0;0;
794;Heal;4;3;6;1;-1;0;1473;1;5;20;0;0;
795;Flaming Arrows;4;4;0;4;-1;0;1474;1;0;0;1;0;
796;Terracotta Army;4;4;0;1;3;1;1475;2008;0;0;10;0;
797;Cloud Trapeze;4;4;1;2;-1;0;1476;1;0;0;3;0;
798;Vile Water;4;4;2;2;-1;0;1477;1;0;0;4;0;
799;Astral Healing;4;4;4;3;-1;0;1478;1;0;0;1;0;
800;Antimagic;4;4;4;3;-1;0;1479;1;0;0;1;0;
801;Raise Dead;4;4;5;2;-1;0;1480;2006;-2;40;0;0;
802;Twiceborn;4;4;5;2;-1;0;1481;1;0;0;10;0;
803;Behemoth;4;4;5;3;-1;0;1482;1;0;0;10;0;
804;Haste;4;4;6;3;-1;0;1483;1;0;0;1;0;
805;Poison Ward;4;4;6;2;-1;0;1484;1;0;0;1;0;
806;Flame Ward;4;5;0;2;-1;0;1485;1;0;0;1;0;
807;Thunder Ward;4;5;1;2;-1;0;1486;1;0;0;1;0;
808;Watcher;4;5;1;3;3;1;1487;1;0;0;5;0;
809;Trade Wind;4;5;1;4;-1;255;1488;1;0;0;10;0;
810;Winter Ward;4;5;2;2;-1;0;1489;1;0;0;1;0;
811;Friendly Currents;4;5;2;3;-1;0;1490;1;0;0;1;0;
812;Quagmire;4;5;2;4;-1;0;1491;1;0;0;1;0;
813;Enliven Gargoyles;4;5;3;3;1;1;1492;1002;0;0;10;0;
814;Ritual of Returning;4;5;4;2;-1;0;1493;1;0;0;3;0;
815;Dispel;4;5;4;3;-1;0;1494;1;0;0;30;0;
816;The Eyes of God;4;5;4;5;-1;0;1495;1;0;0;50;0;
817;Pale Riders;4;5;5;3;-1;0;1496;3011;-2;0;10;0;
818;Horde of Skeletons;4;5;5;2;-1;0;1497;1004;-2;40;0;0;
819;Faery Trod;4;5;6;5;-1;0;1498;1;0;0;20;0;
820;Gift of Health;4;7;6;6;-1;0;1499;1;0;0;50;0;
821;Foul Vapors;4;5;6;3;2;1;1500;1;0;0;1;0;
822;Eternal Pyre;4;6;0;6;-1;0;1501;1;0;0;80;0;
823;Heat from Hell;4;6;0;4;-1;0;1502;1;0;0;2;0;
824;Vafur Flames;4;6;0;5;-1;0;1503;1;0;0;10;0;
825;Arrow Fend;4;6;1;3;-1;0;1504;1;0;0;1;0;
826;Dome of Solid Air;4;6;1;5;-1;0;1505;1;0;0;20;0;
827;Water Ward;4;6;2;1;-1;0;1506;1;0;0;1;0;
828;Grip of Winter;4;6;2;4;-1;0;1507;1;0;0;2;0;
829;Frost Dome;4;6;2;5;-1;0;1508;1;0;0;15;0;
830;Hidden in Snow;4;6;2;3;5;1;1509;1;0;0;75;0;
831;Riches from Beneath;4;6;3;5;-1;0;1510;1;0;0;70;0;
832;Enliven Statues;4;6;3;3;-1;0;1511;2004;0;0;20;0;
833;Hidden in Sand;4;6;3;3;5;1;1512;1;0;0;75;0;
834;Opposition;4;6;4;3;-1;0;1513;1;100;20;0;0;
835;Dome of Arcane Warding;4;6;4;4;-1;0;1514;1;0;0;10;0;
836;Rigor Mortis;4;6;5;4;-1;0;1515;1;0;0;1;0;
837;Reanimate Archers;4;6;5;2;0;1;1516;10;0;0;5;0;
838;Ziz;4;6;5;3;1;2;1517;1;0;0;5;0;
839;Relief;4;6;6;5;-1;0;1518;1;0;0;1;0;
840;Dome of Flaming Death;4;7;0;4;-1;0;1519;1;0;0;8;0;
841;Mass Flight;4;7;1;4;-1;0;1520;1;0;0;2;0;
842;Ghost Ship Armada;4;7;2;4;5;3;1521;1;0;0;60;0;
843;Earth Blood Deep Well;4;7;3;6;-1;0;1522;1;0;0;80;0;
844;Solar Brilliance;4;7;4;5;-1;0;1523;1;0;0;5;0;
845;Stellar Focus;4;7;4;5;-1;0;1524;1;0;0;30;0;
846;Carrion Reanimation;4;7;5;3;-1;0;1525;100;0;0;10;0;
847;Life after Death;4;7;5;4;-1;0;1526;1;0;0;4;0;
848;Ritual of Rebirth;4;7;5;4;-1;0;1527;1;0;0;15;0;
849;Leviathan;4;7;5;3;2;1;1528;1;0;0;12;0;
850;Serpent's Blessing;4;7;6;4;-1;0;1529;1;0;0;1;0;
851;Awaken Treelord;4;7;6;5;-1;0;1530;1;0;0;35;0;
852;Forest Dome;4;6;6;5;-1;0;1531;1;0;0;10;0;
853;Fire Fend;4;8;0;4;-1;0;1532;1;0;0;1;0;
854;Frost Fend;4;8;2;4;-1;0;1533;1;0;0;1;0;
855;Thunder Fend;4;8;1;4;-1;0;1534;1;0;0;1;0;
856;Mists of Deception;4;8;1;6;-1;0;1535;1;0;0;2;0;
857;Wrath of the Sea;4;8;2;5;-1;0;1536;1;0;0;70;0;
858;Lichcraft;4;8;5;5;-1;0;1537;1;0;0;30;0;
859;Unraveling;4;8;4;6;-1;0;1538;1;0;0;6;40;
860;Mass Regeneration;4;8;6;4;-1;0;1539;1;0;0;2;0;
861;Haunted Forest;4;8;6;5;5;1;1540;1;0;0;60;0;
862;Thetis' Blessing;4;7;2;5;-1;0;1541;1;0;0;50;0;
863;Demon Cleansing;4;9;2;5;-1;0;1542;1;0;0;1;0;
864;Arcane Nexus;4;9;4;8;-1;0;1543;1;0;0;150;0;
865;Fields of the Dead;4;9;5;5;3;2;1544;1;0;0;1;0;
866;Army of the Dead;4;9;5;5;-1;0;1545;5015;0;0;10;46;
867;Gaia's Blessing;4;9;6;5;3;2;1546;1;0;0;3;0;
868;Gift of Nature's Bounty;4;9;6;7;-1;0;1547;1;0;0;70;0;
869;Desiccation;5;1;2;2;-1;0;1548;1;100;20;0;0;
870;Farstrike;5;1;3;2;4;1;1549;1;5;5;0;0;
871;Blink;5;1;4;1;-1;0;1550;1;0;10;0;0;
872;Communion Master;5;1;4;1;-1;0;1551;1;0;20;0;0;
873;Communion Slave;5;1;4;1;-1;0;1552;1;0;20;0;0;
874;Horror Mark;5;1;4;2;-1;0;1553;1;100;20;0;0;
875;Dust to Dust;5;1;5;1;-1;0;1554;1;0;20;0;0;
876;Decay;5;1;5;1;-1;0;1555;1;3;20;0;0;
877;Frighten;5;1;5;1;-1;0;1556;1;5;5;0;0;
878;Fascination;5;1;6;1;-1;0;1557;1;100;20;0;0;
879;Seven Year Fever;5;1;6;1;0;1;1558;1;2;30;0;0;
880;Curse;5;1;6;1;4;1;1559;1;100;30;0;0;
881;Bonds of Fire;5;2;0;1;-1;0;1560;1;3;20;0;0;
882;Steal Breath;5;2;1;1;-1;0;1561;1;5;20;0;0;
883;Scrying Pool;5;2;2;2;-1;0;1562;1;0;0;2;0;
884;Returning;5;2;4;2;-1;0;1563;1;0;0;2;0;
885;Mind Burn;5;2;4;2;-1;0;1564;1;100;20;0;0;
886;Berserkers;5;2;6;2;-1;0;1565;1;0;20;0;0;
887;Sleep;5;2;6;2;-1;0;1566;1;4;20;0;0;
888;Rage;5;3;0;2;-1;0;1567;1;100;20;0;0;
889;Augury;5;3;0;2;-1;0;1568;1;0;0;2;0;
890;Sailors' Death;5;3;2;3;-1;0;1569;1;1;20;0;0;
891;Iron Will;5;3;3;1;-1;0;1570;1;100;20;0;0;
892;Astral Window;5;3;4;2;-1;0;1571;1;0;0;3;0;
893;Teleport;5;3;4;3;-1;0;1572;1;0;0;2;0;
894;Haruspex;5;3;6;2;-1;0;1573;1;0;0;2;0;
895;Panic;5;3;6;2;-1;0;1574;1;1;20;0;0;
896;Prison of Fire;5;4;0;3;-1;0;1575;1;2;30;0;0;
897;Auspex;5;4;1;2;-1;0;1576;1;0;0;2;0;
898;Curse of the Desert;5;4;2;3;-1;0;1577;1;100;30;0;0;
899;Gnome Lore;5;4;3;2;-1;0;1578;1;0;0;3;0;
900;Paralyze;5;4;4;2;-1;0;1579;1;100;20;0;0;
901;Vengeance of the Dead;5;4;4;3;5;1;1580;1;0;0;3;0;
902;Terror;5;4;5;3;-1;0;1581;1;1;10;0;0;
903;Touch of Madness;5;4;6;1;-1;0;1582;1;0;30;0;0;
904;Rage of the Cornered Rat;5;4;6;2;-1;0;1583;1;0;20;0;0;
905;Wildness;5;4;6;3;-1;0;1584;1;3;20;0;0;
906;Gift of Reason;5;4;6;4;-1;0;1585;1;0;0;20;0;
907;Raging Hearts;5;5;0;4;-1;0;1586;1;0;0;10;0;
908;Confusion;5;5;1;3;-1;0;1587;1;3;10;0;0;
909;Soul Slay;5;5;4;3;-1;0;1588;1;100;20;0;0;
910;Telestic Animation;5;5;4;3;-1;0;1589;1;0;0;5;0;
911;Gateway;5;5;4;4;-1;0;1590;1;0;0;10;0;
912;Leeching Darkness;5;5;5;3;-1;0;1591;1;1;20;0;0;
913;Burden of Time;5;5;5;5;-1;0;1592;1;0;0;70;0;
914;Control the Dead;5;5;5;2;-1;0;1593;1;0;20;0;0;
915;Charm Animal;5;5;6;2;-1;0;1594;1;100;20;0;0;
916;The Ravenous Swarm;5;5;6;3;-1;0;1595;1;0;0;1;0;
917;Growing Fury;5;5;6;4;-1;0;1596;1;0;0;1;0;
918;Melancholia;5;6;3;5;-1;0;1597;1;0;0;20;0;
919;Enslave Mind;5;6;4;4;-1;0;1598;1;100;20;0;0;
920;Imprint Souls;5;6;4;4;-1;0;1599;1;-1;0;25;0;
921;Wither Bones;5;6;5;3;-1;0;1600;1;-1;50;0;0;
922;Leprosy;5;6;5;5;-1;0;1601;1;-1;0;10;0;
923;Foul Air;5;6;5;5;1;1;1602;1;0;0;75;0;
924;Beckoning;5;6;6;5;-1;0;1603;5025;0;0;20;0;
925;Purgatory;5;7;0;6;-1;0;1604;1;0;0;60;0;
926;Dark Skies;5;7;1;5;-1;0;1605;1;0;0;50;0;
927;Vengeful Water;5;7;2;7;-1;0;1606;1;0;0;70;0;
928;Divine Name;5;7;4;5;-1;0;1607;1;0;0;25;0;
929;Vortex of Returning;5;7;4;4;-1;0;1608;1;0;0;3;0;
930;Plague;5;7;5;4;-1;0;1609;1;0;0;1;0;
931;Charm;5;7;6;3;-1;0;1610;1;100;30;0;0;
932;Hydrophobia;5;8;0;2;-1;0;1611;1;100;0;1;0;
933;Gale Gate;5;8;1;5;-1;0;1612;1;0;0;60;0;
934;Lure of the Deep;5;8;2;6;-1;0;1613;1;0;0;70;0;
935;Soul Drain;5;8;4;5;5;5;1614;1;0;0;5;0;
936;Stygian Paths;5;8;5;5;-1;0;1615;1;0;0;15;0;
937;Black Death;5;8;5;5;-1;0;1616;1;0;0;15;0;
938;Call the Worm That Walks;5;8;6;5;-1;0;1617;1;0;0;30;0;
939;Beast Mastery;5;8;6;6;-1;0;1618;1;0;0;4;0;
940;Astral Travel;5;9;4;5;-1;0;1619;1;0;0;25;0;
941;Master Enslave;5;9;4;8;-1;0;1620;1;0;0;8;0;
942;Undead Mastery;5;9;5;7;-1;0;1621;1;0;0;7;0;
943;Blood Burst;6;1;7;1;-1;0;1622;1;5;0;2;0;
944;Blood Heal;6;1;7;1;-1;0;1623;1;3;0;1;0;
945;Sabbath Master;6;1;7;1;-1;0;1624;1;0;0;1;0;
946;Sabbath Slave;6;1;7;1;-1;0;1625;1;0;0;1;0;
947;Reinvigoration;6;1;7;1;-1;0;1626;1;0;0;1;0;
948;Bind Shadow Imp;6;1;7;1;-1;0;1627;1;0;0;4;0;
949;Summon Imps;6;1;7;1;-1;0;1628;5;0;0;1;0;
950;Bind Fiery Imps;6;1;7;1;0;1;1629;1004;0;0;2;0;
951;Blood Boil;6;1;7;1;0;1;1630;1;3;50;0;0;
952;Bowl of Blood;6;2;7;1;-1;0;1631;1;0;0;5;0;
953;Agony;6;2;7;2;-1;0;1632;1;2;0;1;21;
954;Banish Demon;6;2;7;1;-1;0;1633;1;100;0;1;0;
955;Bind Spine Devil;6;2;7;2;-1;0;1634;1;0;0;3;0;
956;Bind Fiend;6;2;7;2;-1;0;1635;1;-2;0;5;0;
957;Bind Bone Fiends;6;2;7;1;5;1;1636;1004;0;0;3;0;
958;Hell Power;6;2;7;3;-1;0;1637;1;0;0;3;4;
959;Leeching Touch;6;3;7;1;-1;0;1638;1;0;20;0;0;
960;Pain Transfer;6;3;7;2;-1;0;1639;1;0;20;0;0;
961;Infernal Circle;6;3;7;5;-1;0;1640;1;0;0;5;0;
962;Bind Devil;6;3;7;2;0;2;1641;1;0;0;7;0;
963;Bind Frost Fiend;6;3;7;2;2;2;1642;1;0;0;6;0;
964;Cross Breeding;6;3;7;1;6;1;1643;1019;0;0;15;0;
965;Blood Feast;6;3;7;2;-1;0;1644;1;0;0;5;0;
966;Bind Serpent Fiend;6;4;7;1;-1;0;1645;1;0;0;5;0;
967;Blood Lust;6;4;7;2;-1;0;1646;1;0;0;1;0;
968;Hellfire;6;4;7;1;0;2;1647;2;0;0;1;0;
969;Bind Storm Demon;6;4;7;2;1;2;1648;1;0;0;7;0;
970;Bind Demon Knight;6;4;7;2;3;2;1649;1;-2;0;5;0;
971;Call Lesser Horror;6;4;7;2;4;2;1650;1;-2;0;2;0;
972;Rain of Toads;6;5;7;3;6;1;1651;1;0;0;20;0;
973;Blood Fecundity;6;4;7;2;6;2;1652;1;0;0;10;0;
974;Hellbind Heart;6;5;7;2;-1;0;1653;1;100;0;1;0;
975;Horde from Hell;6;5;7;4;-1;0;1654;25;0;0;44;0;
976;Bloodletting;6;5;7;4;-1;0;1655;1;0;0;4;0;
977;Bind Succubus;6;5;7;4;-1;0;1656;1;-2;0;66;0;
978;Wrath of Pazuzu;6;5;7;1;1;3;1657;1;0;0;15;0;
979;Awaken Dark Vines;6;5;7;1;6;3;1658;2;0;0;12;0;
980;Send Lesser Horror;6;5;7;2;4;3;1659;1;0;0;9;0;
981;Summon Illearth;6;5;7;2;3;2;1660;1;0;0;2;0;
982;Harm;6;6;7;2;-1;0;1661;1;5;0;1;35;
983;Rejuvenate;6;6;7;1;-1;0;1662;1;0;0;10;0;
984;Infernal Disease;6;6;7;5;-1;0;1663;1;0;0;5;0;
985;Ritual of Five Gates;6;6;7;5;-1;0;1664;1;0;0;28;73;
986;Bind Ice Devil;6;6;7;3;2;3;1665;1;-2;0;88;0;
987;Call Horror;6;6;7;3;4;3;1666;1;-2;0;3;0;
988;Leech;6;7;7;1;-1;0;1667;1;100;0;1;0;
989;Blood Rain;6;7;7;3;-1;0;1668;1;0;0;3;0;
990;Bind Arch Devil;6;7;7;4;0;2;1669;1;0;0;99;0;
991;Father Illearth;6;7;7;3;3;4;1670;1;0;0;85;0;
992;Curse of Blood;6;7;7;3;5;4;1671;1;0;0;77;0;
993;Blood Rite;6;7;7;2;5;2;1672;3;-2;0;33;0;
994;Send Dream Horror;6;7;7;3;4;4;1673;1;0;0;15;0;
995;Dome of Corruption;6;7;7;4;4;4;1674;1;0;0;20;0;
996;Astral Corruption;6;7;7;6;4;6;1675;1;0;0;166;0;
997;Purify Blood;6;7;7;4;6;1;1676;1;0;0;3;0;
998;Rush of Strength;6;8;7;3;-1;0;1677;1;0;0;1;0;
999;Life for a Life;6;8;7;3;-1;0;1678;1;100;99;1;0;
1000;Bind Heliophagus;6;8;7;5;-1;0;1679;1;0;0;111;0;
1001;Three Red Seconds;6;8;7;5;-1;0;1680;1;0;0;120;0;
1002;Blood Vortex;6;8;7;7;-1;0;1681;1;0;0;166;0;
1003;Improved Cross Breeding;6;8;7;2;6;2;1682;3034;0;0;20;0;
1004;Send Horror;6;8;7;3;4;4;1683;1;0;0;15;0;
1005;Damage Reversal;6;9;7;1;-1;0;1684;1;0;0;1;0;
1006;Forces of Darkness;6;9;7;6;-1;0;1685;1008;0;0;50;0;
1007;The Looming Hell;6;9;7;8;-1;0;1686;1;0;0;150;0;
1008;Bind Demon Lord;6;9;7;8;-1;0;1687;1;0;0;150;85;
1009;Infernal Prison;6;9;7;3;0;1;1688;1;100;0;2;0;
1010;Infernal Forces;6;9;7;5;0;2;1689;1002;0;0;50;26;
1011;Infernal Tempest;6;9;7;5;1;2;1690;1002;0;0;50;0;
1012;Claws of Kokytos;6;9;7;3;2;1;1691;1;100;0;2;0;
1013;Forces of Ice;6;9;7;5;2;2;1692;1003;0;0;50;0;
1014;Infernal Crusade;6;9;7;5;3;2;1693;1005;0;0;50;0;
1015;Horror Seed;6;9;7;4;4;5;1694;1;0;0;20;0;
1016;Bind Penumbral;0;3;5;1;3;1;1695;1;0;0;1;0;
1017;Summon Penumbrals;0;3;5;1;3;1;1696;4;0;0;6;0;
1018;Summon Umbrals;0;5;5;2;3;1;1697;4;0;0;8;0;
1019;Olm Conclave;0;4;2;1;3;1;1698;1;0;0;20;110;
1020;Hall of Statues;4;8;3;5;-1;0;1699;4000;0;0;30;0;
1021;Revive Cavern Wights;0;3;5;1;3;1;1700;3;0;0;8;0;
1022;Summon Cave Grubs;0;1;3;1;-1;0;1701;1004;0;0;8;0;
1023;Summon Cave Cows;0;3;2;2;3;2;1702;1003;0;0;5;0;
1024;Summon Cave Crab;0;3;3;1;2;1;1703;1;0;0;2;0;
1025;Animate Mercury;-1;1;-1;0;-1;0;1704;1;0;0;0;0;
1026;Living Mercury;4;4;2;1;3;1;1705;1;0;0;3;0;
1027;Nightmare Construction;4;5;0;1;5;1;1706;1;0;0;2;0;
1028;Hidden Underneath;4;6;3;3;5;1;1707;1;0;0;75;0;
1029;Summon Flame Spirit;0;6;0;3;-1;0;1708;1;0;0;30;0;
1030;Parting of the Soul;5;6;5;1;1;1;1709;1;100;40;0;111;
1031;Call Ahurani;0;5;4;2;2;1;1710;1;-2;0;12;0;
1032;Call Celestial Yazad;0;6;4;4;-1;0;1711;1;0;0;40;0;
1033;Call Fravashi;0;7;4;3;-1;0;1712;1;0;0;30;0;
1034;Call Daevas;0;5;5;2;0;1;1713;3;0;0;15;0;
1035;Call Jahi;0;5;5;3;0;1;1714;1;-2;0;15;0;
1036;Call Yata;0;6;5;3;0;2;1715;1;0;0;40;0;
1037;Call Greater Daeva;0;8;5;4;0;2;1716;1;0;0;60;0;
1038;Call of the Drugvant;5;7;5;4;0;1;1717;1;0;0;15;0;
1039;Scapegoats;6;3;7;1;-1;0;1718;2;0;0;8;0;
1040;Vermin Feast;0;5;6;4;-1;0;1719;1;0;0;6;0;
1041;Mind Vessel;5;3;4;3;-1;0;1720;1;0;0;15;0;
1042;...;-1;1;-1;0;-1;0;1721;1;0;0;0;0;
1043;...;-1;1;-1;0;-1;0;1722;1;0;0;0;0;
1044;Geoglyphs;4;5;4;3;3;2;1723;1;0;0;18;0;
1045;Eyes of the Condors;4;2;1;2;-1;0;1724;1;0;0;1;0;
1046;Summon Condors;0;3;1;2;-1;0;1725;2006;0;0;9;0;
1047;Summon Huacas;0;5;4;2;-1;0;1726;5;0;0;15;0;
1048;Summon Supayas;0;5;5;2;-1;0;1727;5;0;0;10;0;
1049;...;-1;1;-1;0;-1;0;1728;1;0;0;0;0;
1050;...;-1;1;-1;0;-1;0;1729;1;0;0;0;0;
1051;...;-1;1;-1;0;-1;0;1730;1;0;0;0;0;
1052;Theft of the Sun;4;8;5;6;0;3;1731;1;0;0;70;0;
1053;Summon Sacred Scorpion;0;3;3;1;5;1;1732;1;0;0;2;0;
1054;Break the First Soul;6;2;7;1;-1;0;1733;1;5;20;0;101;
1055;Break the Second Soul;5;2;3;1;-1;0;1734;1;5;20;0;0;
1056;Break the Third Soul;5;2;1;1;-1;0;1735;1;5;20;0;0;
1057;Break the Fourth Soul;5;2;5;1;-1;0;1736;1;5;20;0;0;
1058;Gift of the First Soul;6;3;7;1;-1;0;1737;1;0;20;0;0;
1059;Gift of the Second Soul;5;3;3;1;-1;0;1738;1;0;20;0;0;
1060;Gift of the Third Soul;5;3;1;1;-1;0;1739;1;0;20;0;0;
1061;Gift of the Fourth Soul;5;3;5;1;-1;0;1740;1;2;20;0;0;
1062;Summon Balam;0;7;6;4;-1;0;1741;1;0;0;60;0;
1063;Summon Chaac;0;8;1;4;-1;0;1742;1;0;0;75;0;
1064;Plague of Locusts;6;7;7;5;-1;0;1743;9;0;0;88;0;
1065;Call Ephor;0;0;5;1;-1;0;1744;1;0;0;7;0;
1066;Call Spectral Philosopher;0;0;5;1;-1;0;1745;1;0;0;11;0;
1067;Summon Telkhine;0;8;2;5;1;2;1746;1;0;0;69;0;
1068;Summon Flame Jelly;0;4;0;2;-1;0;1747;2006;0;0;6;0;
1069;Summon Bishop Fish;0;6;2;3;-1;0;1748;1;0;0;15;0;
1070;Summon Hekateride;0;5;6;3;2;1;1749;1;0;0;30;0;
1071;Summon Daktyl;0;6;3;3;1;1;1750;1;0;0;30;0;
